Current (A),Temp - deg C,Volt_1,Volt_2,Volt_3,Volt_4,Volt_5,Volt_6,Volt_7,Volt_8,Volt_9,Volt_10,Volt_11,Volt_12
20.26732703,25,3.998,3.995,3.992,3.989,3.986,3.992,3.991,3.988533333,3.98787619,3.987219048,3.986561905,3.985904762
20.94297259,25,3.996,3.994,3.9905,3.987,3.985,3.99,3.99,3.987066667,3.986395238,3.98572381,3.985052381,3.984380952
21.78269919,25,3.994,3.991,3.989,3.985,3.984,3.988,3.989,3.986266667,3.985866667,3.985466667,3.985066667,3.984666667
20.37992323,25,3.992,3.989333333,3.9875,3.983,3.983,3.986,3.988,3.985022222,3.984703175,3.984384127,3.984065079,3.983746032
20.51083989,25,3.99,3.987333333,3.986,3.981,3.982,3.984,3.987,3.983888889,3.983698413,3.983507937,3.98331746,3.983126984
20.23765128,25,3.988,3.985333333,3.9845,3.979,3.981,3.982,3.986,3.982755556,3.982693651,3.982631746,3.982569841,3.982507937
20.13428675,25,3.986,3.983333333,3.983,3.977,3.98,3.98,3.985,3.981622222,3.981688889,3.981755556,3.981822222,3.981888889
22.55876508,25,3.984,3.981333333,3.9815,3.975,3.979,3.978,3.984,3.980488889,3.980684127,3.980879365,3.981074603,3.981269841
20.8788337,25,3.982,3.979333333,3.98,3.973,3.978,3.976,3.98,3.977355556,3.977250794,3.977146032,3.97704127,3.976936508
21.82349171,25,3.98,3.977333333,3.9785,3.971,3.977,3.974,3.9796,3.976622222,3.976731746,3.97684127,3.976950794,3.977060317
22.16219341,25,3.978,3.975333333,3.977,3.969,3.976,3.972,3.978,3.975088889,3.97524127,3.975393651,3.975546032,3.975698413
21.97275916,25,3.976,3.973333333,3.9755,3.967,3.975,3.97,3.9764,3.973555556,3.973750794,3.973946032,3.97414127,3.974336508
21.95855761,25,3.974,3.971333333,3.974,3.965,3.974,3.968,3.9748,3.972022222,3.972260317,3.972498413,3.972736508,3.972974603
21.46071317,25,3.972,3.969333333,3.9725,3.963,3.973,3.966,3.9732,3.970488889,3.970769841,3.971050794,3.971331746,3.971612698
20.57966267,25,3.97,3.967333333,3.971,3.961,3.972,3.964,3.9716,3.968955556,3.969279365,3.969603175,3.969926984,3.970250794
20.19790514,25,3.968,3.965333333,3.9695,3.959,3.971,3.962,3.97,3.967422222,3.967788889,3.968155556,3.968522222,3.968888889
21.30270552,25,3.966,3.963333333,3.968,3.957,3.97,3.96,3.9684,3.965888889,3.966298413,3.966707937,3.96711746,3.967526984
20.10450575,25,3.964,3.961333333,3.9665,3.955,3.969,3.958,3.9668,3.964355556,3.964807937,3.965260317,3.965712698,3.966165079
22.93323955,25,3.962,3.959333333,3.965,3.953,3.968,3.956,3.9652,3.962822222,3.96331746,3.963812698,3.964307937,3.964803175
21.60068795,25,3.96,3.957333333,3.9635,3.951,3.967,3.954,3.9636,3.961288889,3.961826984,3.962365079,3.962903175,3.96344127
21.15019823,25,3.958,3.955333333,3.962,3.949,3.966,3.952,3.962,3.959755556,3.960336508,3.96091746,3.961498413,3.962079365
20.49537168,25,3.956,3.953333333,3.9605,3.947,3.965,3.95,3.9604,3.958222222,3.958846032,3.959469841,3.960093651,3.96071746
21.18506367,25,3.954,3.951333333,3.959,3.945,3.964,3.948,3.9588,3.956688889,3.957355556,3.958022222,3.958688889,3.959355556
20.94115414,25,3.952,3.949333333,3.9575,3.943,3.963,3.946,3.9572,3.955155556,3.955865079,3.956574603,3.957284127,3.957993651
21.28833422,25,3.95,3.947333333,3.956,3.941,3.962,3.944,3.9556,3.953622222,3.954374603,3.955126984,3.955879365,3.956631746
22.53000228,25,3.948,3.945333333,3.9545,3.939,3.961,3.942,3.954,3.952088889,3.952884127,3.953679365,3.954474603,3.955269841
22.14547864,25,3.946,3.943333333,3.953,3.937,3.96,3.94,3.9524,3.950555556,3.951393651,3.952231746,3.953069841,3.953907937
21.39672849,25,3.944,3.941333333,3.9515,3.935,3.959,3.938,3.9508,3.949022222,3.949903175,3.950784127,3.951665079,3.952546032
22.43835682,25,3.942,3.939333333,3.95,3.933,3.958,3.936,3.9492,3.947488889,3.948412698,3.949336508,3.950260317,3.951184127
21.14484785,25,3.94,3.937333333,3.9485,3.931,3.957,3.934,3.9476,3.945955556,3.946922222,3.947888889,3.948855556,3.949822222
21.41859807,25,3.938,3.935333333,3.947,3.929,3.956,3.932,3.946,3.944422222,3.945431746,3.94644127,3.947450794,3.948460317
21.18285957,25,3.936,3.933333333,3.9455,3.927,3.955,3.93,3.9444,3.942888889,3.94394127,3.944993651,3.946046032,3.947098413
20.19676896,25,3.934,3.931333333,3.944,3.925,3.954,3.928,3.9428,3.941355556,3.942450794,3.943546032,3.94464127,3.945736508
21.0310951,25,3.932,3.929333333,3.9425,3.923,3.953,3.926,3.9412,3.939822222,3.940960317,3.942098413,3.943236508,3.944374603
22.45609098,25,3.93,3.927333333,3.941,3.921,3.952,3.924,3.9396,3.938288889,3.939469841,3.940650794,3.941831746,3.943012698
20.94725607,25,3.928,3.925333333,3.9395,3.919,3.951,3.922,3.938,3.936755556,3.937979365,3.939203175,3.940426984,3.941650794
21.31202008,25,3.926,3.923333333,3.938,3.917,3.95,3.92,3.9364,3.935222222,3.936488889,3.937755556,3.939022222,3.940288889
20.08724571,25,3.924,3.921333333,3.9365,3.915,3.949,3.918,3.9348,3.933688889,3.934998413,3.936307937,3.93761746,3.938926984
22.31414998,25,3.922,3.919333333,3.935,3.913,3.948,3.916,3.9332,3.932155556,3.933507937,3.934860317,3.936212698,3.937565079
21.27614745,25,3.92,3.917333333,3.9335,3.911,3.947,3.914,3.9316,3.930622222,3.93201746,3.933412698,3.934807937,3.936203175
21.10313093,25,3.918,3.915333333,3.932,3.909,3.946,3.912,3.93,3.929088889,3.930526984,3.931965079,3.933403175,3.93484127
20.10218283,25,3.916,3.913333333,3.9305,3.907,3.945,3.91,3.9284,3.927555556,3.929036508,3.93051746,3.931998413,3.933479365
20.15110568,25,3.914,3.911333333,3.929,3.905,3.944,3.908,3.9268,3.926022222,3.927546032,3.929069841,3.930593651,3.93211746
22.09517004,25,3.912,3.909333333,3.9275,3.903,3.943,3.906,3.9252,3.924488889,3.926055556,3.927622222,3.929188889,3.930755556
20.71666698,25,3.91,3.907333333,3.926,3.901,3.942,3.904,3.9236,3.922955556,3.924565079,3.926174603,3.927784127,3.929393651
21.80388754,25,3.908,3.905333333,3.9245,3.899,3.941,3.902,3.922,3.921422222,3.923074603,3.924726984,3.926379365,3.928031746
21.93411401,25,3.906,3.903333333,3.923,3.897,3.94,3.9,3.9204,3.919888889,3.921584127,3.923279365,3.924974603,3.926669841
22.66974398,25,3.904,3.901333333,3.9215,3.895,3.939,3.898,3.9188,3.918355556,3.920093651,3.921831746,3.923569841,3.925307937
21.32576813,25,3.902,3.899333333,3.92,3.893,3.938,3.896,3.9172,3.916822222,3.918603175,3.920384127,3.922165079,3.923946032
21.16406876,25,3.9,3.897333333,3.9185,3.891,3.937,3.894,3.9156,3.915288889,3.917112698,3.918936508,3.920760317,3.922584127
21.03948444,25,3.898,3.895333333,3.917,3.889,3.936,3.892,3.914,3.913755556,3.915622222,3.917488889,3.919355556,3.921222222
22.51563826,25,3.896,3.893333333,3.9155,3.887,3.935,3.89,3.9124,3.912222222,3.914131746,3.91604127,3.917950794,3.919860317
20.90131154,25,3.894,3.891333333,3.914,3.885,3.934,3.888,3.9108,3.910688889,3.91264127,3.914593651,3.916546032,3.918498413
21.65129744,25,3.892,3.889333333,3.9125,3.883,3.933,3.886,3.9092,3.909155556,3.911150794,3.913146032,3.91514127,3.917136508
21.66480872,25,3.89,3.887333333,3.911,3.881,3.932,3.884,3.9076,3.907622222,3.909660317,3.911698413,3.913736508,3.915774603
20.15953937,25,3.888,3.885333333,3.9095,3.879,3.931,3.882,3.906,3.906088889,3.908169841,3.910250794,3.912331746,3.914412698
20.15989723,25,3.886,3.883333333,3.908,3.877,3.93,3.88,3.9044,3.904555556,3.906679365,3.908803175,3.910926984,3.913050794
21.1326292,25,3.884,3.881333333,3.9065,3.875,3.929,3.878,3.9028,3.903022222,3.905188889,3.907355556,3.909522222,3.911688889
20.22389121,25,3.882,3.879333333,3.905,3.873,3.928,3.876,3.9012,3.901488889,3.903698413,3.905907937,3.90811746,3.910326984
20.15572546,25,3.88,3.877333333,3.9035,3.871,3.927,3.874,3.8996,3.899955556,3.902207937,3.904460317,3.906712698,3.908965079
21.56054769,25,3.878,3.875333333,3.902,3.869,3.926,3.872,3.898,3.898422222,3.90071746,3.903012698,3.905307937,3.907603175
22.62288163,25,3.876,3.873333333,3.9005,3.867,3.925,3.87,3.8964,3.896888889,3.899226984,3.901565079,3.903903175,3.90624127
20.20111166,25,3.874,3.871333333,3.899,3.865,3.924,3.868,3.8948,3.895355556,3.897736508,3.90011746,3.902498413,3.904879365
21.34737555,25,3.872,3.869333333,3.8975,3.863,3.923,3.866,3.8932,3.893822222,3.896246032,3.898669841,3.901093651,3.90351746
22.63443748,25,3.87,3.867333333,3.896,3.861,3.922,3.864,3.8916,3.892288889,3.894755556,3.897222222,3.899688889,3.902155556
21.56968195,25,3.868,3.865333333,3.8945,3.859,3.921,3.862,3.89,3.890755556,3.893265079,3.895774603,3.898284127,3.900793651
20.09220159,25,3.866,3.863333333,3.893,3.857,3.92,3.86,3.8884,3.889222222,3.891774603,3.894326984,3.896879365,3.899431746
22.64419193,25,3.864,3.861333333,3.8915,3.855,3.919,3.858,3.8868,3.887688889,3.890284127,3.892879365,3.895474603,3.898069841
22.39500328,25,3.862,3.859333333,3.89,3.853,3.918,3.856,3.8852,3.886155556,3.888793651,3.891431746,3.894069841,3.896707937
20.95085215,25,3.86,3.857333333,3.8885,3.851,3.917,3.854,3.8836,3.884622222,3.887303175,3.889984127,3.892665079,3.895346032
22.73599882,25,3.858,3.855333333,3.887,3.849,3.916,3.852,3.882,3.883088889,3.885812698,3.888536508,3.891260317,3.893984127
22.1280481,25,3.856,3.853333333,3.8855,3.847,3.915,3.85,3.8804,3.881555556,3.884322222,3.887088889,3.889855556,3.892622222
20.74016375,25,3.854,3.851333333,3.884,3.845,3.914,3.848,3.8788,3.880022222,3.882831746,3.88564127,3.888450794,3.891260317
21.52204163,25,3.852,3.849333333,3.8825,3.843,3.913,3.846,3.8772,3.878488889,3.88134127,3.884193651,3.887046032,3.889898413
20.79903729,25,3.85,3.847333333,3.881,3.841,3.912,3.844,3.8756,3.876955556,3.879850794,3.882746032,3.88564127,3.888536508
21.59708623,25,3.848,3.845333333,3.8795,3.839,3.911,3.842,3.874,3.875422222,3.878360317,3.881298413,3.884236508,3.887174603
22.81791377,25,3.846,3.843333333,3.878,3.837,3.91,3.84,3.8724,3.873888889,3.876869841,3.879850794,3.882831746,3.885812698
22.87264761,25,3.844,3.841333333,3.8765,3.835,3.909,3.838,3.8708,3.872355556,3.875379365,3.878403175,3.881426984,3.884450794
22.85338182,25,3.842,3.839333333,3.875,3.833,3.908,3.836,3.8692,3.870822222,3.873888889,3.876955556,3.880022222,3.883088889
21.38611006,25,3.84,3.837333333,3.8735,3.831,3.907,3.834,3.8676,3.869288889,3.872398413,3.875507937,3.87861746,3.881726984
20.9806578,25,3.838,3.835333333,3.872,3.829,3.906,3.832,3.866,3.867755556,3.870907937,3.874060317,3.877212698,3.880365079
22.55767776,25,3.836,3.833333333,3.8705,3.827,3.905,3.83,3.8644,3.866222222,3.86941746,3.872612698,3.875807937,3.879003175
20.41085845,25,3.834,3.831333333,3.869,3.825,3.904,3.828,3.8628,3.864688889,3.867926984,3.871165079,3.874403175,3.87764127
22.88845071,25,3.832,3.829333333,3.8675,3.823,3.903,3.826,3.8612,3.863155556,3.866436508,3.86971746,3.872998413,3.876279365
21.67128671,25,3.83,3.827333333,3.866,3.821,3.902,3.824,3.8596,3.861622222,3.864946032,3.868269841,3.871593651,3.87491746
21.36829615,25,3.828,3.825333333,3.8645,3.819,3.901,3.822,3.858,3.860088889,3.863455556,3.866822222,3.870188889,3.873555556
20.30450054,25,3.826,3.823333333,3.863,3.817,3.9,3.82,3.8564,3.858555556,3.861965079,3.865374603,3.868784127,3.872193651
20.11760935,25,3.824,3.821333333,3.8615,3.815,3.899,3.818,3.8548,3.857022222,3.860474603,3.863926984,3.867379365,3.870831746
21.25154729,25,3.822,3.819333333,3.86,3.813,3.898,3.816,3.8532,3.855488889,3.858984127,3.862479365,3.865974603,3.869469841
22.8285545,25,3.82,3.817333333,3.8585,3.811,3.897,3.814,3.8516,3.853955556,3.857493651,3.861031746,3.864569841,3.868107937
22.28053899,25,3.818,3.815333333,3.857,3.809,3.896,3.812,3.85,3.852422222,3.856003175,3.859584127,3.863165079,3.866746032
20.35736134,25,3.816,3.813333333,3.8555,3.807,3.895,3.81,3.8484,3.850888889,3.854512698,3.858136508,3.861760317,3.865384127
21.58259763,25,3.814,3.811333333,3.854,3.805,3.894,3.808,3.8468,3.849355556,3.853022222,3.856688889,3.860355556,3.864022222
21.34647507,25,3.812,3.809333333,3.8525,3.803,3.893,3.806,3.8452,3.847822222,3.851531746,3.85524127,3.858950794,3.862660317
22.39465824,25,3.81,3.807333333,3.851,3.801,3.892,3.804,3.8436,3.846288889,3.85004127,3.853793651,3.857546032,3.861298413
20.92151824,25,3.808,3.805333333,3.8495,3.799,3.891,3.802,3.842,3.844755556,3.848550794,3.852346032,3.85614127,3.859936508
22.99053602,25,3.806,3.803333333,3.848,3.797,3.89,3.8,3.8404,3.843222222,3.847060317,3.850898413,3.854736508,3.858574603
22.55939913,25,3.804,3.801333333,3.8465,3.795,3.889,3.798,3.8388,3.841688889,3.845569841,3.849450794,3.853331746,3.857212698
22.65893504,25,3.802,3.799333333,3.845,3.793,3.888,3.796,3.8372,3.840155556,3.844079365,3.848003175,3.851926984,3.855850794
22.35797599,25,3.8,3.797333333,3.8435,3.791,3.887,3.794,3.8356,3.838622222,3.842588889,3.846555556,3.850522222,3.854488889
21.4112009,25,3.798,3.795333333,3.842,3.789,3.886,3.792,3.834,3.837088889,3.841098413,3.845107937,3.84911746,3.853126984
22.37612892,25,3.796,3.793333333,3.8405,3.787,3.885,3.79,3.8324,3.835555556,3.839607937,3.843660317,3.847712698,3.851765079
20.75326445,25,3.794,3.791333333,3.839,3.785,3.884,3.788,3.8308,3.834022222,3.83811746,3.842212698,3.846307937,3.850403175
22.7493487,25,3.792,3.789333333,3.8375,3.783,3.883,3.786,3.8292,3.832488889,3.836626984,3.840765079,3.844903175,3.84904127
20.06986608,25,3.79,3.787333333,3.836,3.781,3.882,3.784,3.8276,3.830955556,3.835136508,3.83931746,3.843498413,3.847679365
21.78210255,25,3.788,3.785333333,3.8345,3.779,3.881,3.782,3.826,3.829422222,3.833646032,3.837869841,3.842093651,3.84631746
22.93268237,25,3.786,3.783333333,3.833,3.777,3.88,3.78,3.8244,3.827888889,3.832155556,3.836422222,3.840688889,3.844955556
20.438282,25,3.784,3.781333333,3.8315,3.775,3.879,3.778,3.8228,3.826355556,3.830665079,3.834974603,3.839284127,3.843593651
20.5068572,25,3.782,3.779333333,3.83,3.773,3.878,3.776,3.8212,3.824822222,3.829174603,3.833526984,3.837879365,3.842231746
21.62441722,25,3.78,3.777333333,3.8285,3.771,3.877,3.774,3.8196,3.823288889,3.827684127,3.832079365,3.836474603,3.840869841
22.62621465,25,3.778,3.775333333,3.827,3.769,3.876,3.772,3.818,3.821755556,3.826193651,3.830631746,3.835069841,3.839507937
22.71584774,25,3.776,3.773333333,3.8255,3.767,3.875,3.77,3.8164,3.820222222,3.824703175,3.829184127,3.833665079,3.838146032
22.94427312,25,3.774,3.771333333,3.824,3.765,3.874,3.768,3.8148,3.818688889,3.823212698,3.827736508,3.832260317,3.836784127
22.12659837,25,3.772,3.769333333,3.8225,3.763,3.873,3.766,3.8132,3.817155556,3.821722222,3.826288889,3.830855556,3.835422222
22.54403293,25,3.77,3.767333333,3.821,3.761,3.872,3.764,3.8116,3.815622222,3.820231746,3.82484127,3.829450794,3.834060317
22.05460898,25,3.768,3.765333333,3.8195,3.759,3.871,3.762,3.81,3.814088889,3.81874127,3.823393651,3.828046032,3.832698413
22.17930776,25,3.766,3.763333333,3.818,3.757,3.87,3.76,3.8084,3.812555556,3.817250794,3.821946032,3.82664127,3.831336508
22.58507011,25,3.764,3.761333333,3.8165,3.755,3.869,3.758,3.8068,3.811022222,3.815760317,3.820498413,3.825236508,3.829974603
20.60961398,25,3.762,3.759333333,3.815,3.753,3.868,3.756,3.8052,3.809488889,3.814269841,3.819050794,3.823831746,3.828612698
20.86083217,25,3.76,3.757333333,3.8135,3.751,3.867,3.754,3.8036,3.807955556,3.812779365,3.817603175,3.822426984,3.827250794
21.36487858,25,3.758,3.755333333,3.812,3.749,3.866,3.752,3.802,3.806422222,3.811288889,3.816155556,3.821022222,3.825888889
21.40228345,25,3.756,3.753333333,3.8105,3.747,3.865,3.75,3.8004,3.804888889,3.809798413,3.814707937,3.81961746,3.824526984
22.42550147,25,3.754,3.751333333,3.809,3.745,3.864,3.748,3.7988,3.803355556,3.808307937,3.813260317,3.818212698,3.823165079
22.22752921,25,3.752,3.749333333,3.8075,3.743,3.863,3.746,3.7972,3.801822222,3.80681746,3.811812698,3.816807937,3.821803175
20.1544168,25,3.75,3.747333333,3.806,3.741,3.862,3.744,3.7956,3.800288889,3.805326984,3.810365079,3.815403175,3.82044127
20.82065659,25,3.748,3.745333333,3.8045,3.739,3.861,3.742,3.794,3.798755556,3.803836508,3.80891746,3.813998413,3.819079365
22.34315117,25,3.746,3.743333333,3.803,3.737,3.86,3.74,3.7924,3.797222222,3.802346032,3.807469841,3.812593651,3.81771746
21.18864134,25,3.744,3.741333333,3.8015,3.735,3.859,3.738,3.7908,3.795688889,3.800855556,3.806022222,3.811188889,3.816355556
22.16080939,25,3.742,3.739333333,3.8,3.733,3.858,3.736,3.7892,3.794155556,3.799365079,3.804574603,3.809784127,3.814993651
20.93074715,25,3.74,3.737333333,3.7985,3.731,3.857,3.734,3.7876,3.792622222,3.797874603,3.803126984,3.808379365,3.813631746
20.80326878,25,3.738,3.735333333,3.797,3.729,3.856,3.732,3.786,3.791088889,3.796384127,3.801679365,3.806974603,3.812269841
22.2661071,25,3.736,3.733333333,3.7955,3.727,3.855,3.73,3.7844,3.789555556,3.794893651,3.800231746,3.805569841,3.810907937
21.33029052,25,3.734,3.731333333,3.794,3.725,3.854,3.728,3.7828,3.788022222,3.793403175,3.798784127,3.804165079,3.809546032
20.32764709,25,3.732,3.729333333,3.7925,3.723,3.853,3.726,3.7812,3.786488889,3.791912698,3.797336508,3.802760317,3.808184127
21.96705032,25,3.73,3.727333333,3.791,3.721,3.852,3.724,3.7796,3.784955556,3.790422222,3.795888889,3.801355556,3.806822222
22.04786843,25,3.728,3.725333333,3.7895,3.719,3.851,3.722,3.778,3.783422222,3.788931746,3.79444127,3.799950794,3.805460317
20.5348693,25,3.726,3.723333333,3.788,3.717,3.85,3.72,3.7764,3.781888889,3.78744127,3.792993651,3.798546032,3.804098413
22.4139476,25,3.724,3.721333333,3.7865,3.715,3.849,3.718,3.7748,3.780355556,3.785950794,3.791546032,3.79714127,3.802736508
22.25009548,25,3.722,3.719333333,3.785,3.713,3.848,3.716,3.7732,3.778822222,3.784460317,3.790098413,3.795736508,3.801374603
22.97597321,25,3.72,3.717333333,3.7835,3.711,3.847,3.714,3.7716,3.777288889,3.782969841,3.788650794,3.794331746,3.800012698
21.78407929,25,3.718,3.715333333,3.782,3.709,3.846,3.712,3.77,3.775755556,3.781479365,3.787203175,3.792926984,3.798650794
21.44468831,25,3.716,3.713333333,3.7805,3.707,3.845,3.71,3.7684,3.774222222,3.779988889,3.785755556,3.791522222,3.797288889
22.79881197,25,3.714,3.711333333,3.779,3.705,3.844,3.708,3.7668,3.772688889,3.778498413,3.784307937,3.79011746,3.795926984
20.10260377,25,3.712,3.709333333,3.7775,3.703,3.843,3.706,3.7652,3.771155556,3.777007937,3.782860317,3.788712698,3.794565079
21.24114869,25,3.71,3.707333333,3.776,3.701,3.842,3.704,3.7636,3.769622222,3.77551746,3.781412698,3.787307937,3.793203175
21.41775131,25,3.708,3.705333333,3.7745,3.699,3.841,3.702,3.762,3.768088889,3.774026984,3.779965079,3.785903175,3.79184127
21.69273014,25,3.706,3.703333333,3.773,3.697,3.84,3.7,3.7604,3.766555556,3.772536508,3.77851746,3.784498413,3.790479365
20.17047052,25,3.704,3.701333333,3.7715,3.695,3.839,3.698,3.7588,3.765022222,3.771046032,3.777069841,3.783093651,3.78911746
22.73305607,25,3.702,3.699333333,3.77,3.693,3.838,3.696,3.7572,3.763488889,3.769555556,3.775622222,3.781688889,3.787755556
21.53481147,25,3.7,3.697333333,3.7685,3.691,3.837,3.694,3.7556,3.761955556,3.768065079,3.774174603,3.780284127,3.786393651
22.36641661,25,3.698,3.695333333,3.767,3.689,3.836,3.692,3.754,3.760422222,3.766574603,3.772726984,3.778879365,3.785031746
22.93090439,25,3.696,3.693333333,3.7655,3.687,3.835,3.69,3.7524,3.758888889,3.765084127,3.771279365,3.777474603,3.783669841
22.19492586,25,3.694,3.691333333,3.764,3.685,3.834,3.688,3.7508,3.757355556,3.763593651,3.769831746,3.776069841,3.782307937
22.54209559,25,3.692,3.689333333,3.7625,3.683,3.833,3.686,3.7492,3.755822222,3.762103175,3.768384127,3.774665079,3.780946032
21.3963396,25,3.69,3.687333333,3.761,3.681,3.832,3.684,3.7476,3.754288889,3.760612698,3.766936508,3.773260317,3.779584127
21.05969702,25,3.688,3.685333333,3.7595,3.679,3.831,3.682,3.746,3.752755556,3.759122222,3.765488889,3.771855556,3.778222222
21.12813976,25,3.686,3.683333333,3.758,3.677,3.83,3.68,3.7444,3.751222222,3.757631746,3.76404127,3.770450794,3.776860317
22.58704346,25,3.684,3.681333333,3.7565,3.675,3.829,3.678,3.7428,3.749688889,3.75614127,3.762593651,3.769046032,3.775498413
20.17486668,25,3.682,3.679333333,3.755,3.673,3.828,3.676,3.7412,3.748155556,3.754650794,3.761146032,3.76764127,3.774136508
20.90786786,25,3.68,3.677333333,3.7535,3.671,3.827,3.674,3.7396,3.746622222,3.753160317,3.759698413,3.766236508,3.772774603
20.57611864,25,3.678,3.675333333,3.752,3.669,3.826,3.672,3.738,3.745088889,3.751669841,3.758250794,3.764831746,3.771412698
21.13888161,25,3.676,3.673333333,3.7505,3.667,3.825,3.67,3.7364,3.743555556,3.750179365,3.756803175,3.763426984,3.770050794
20.71725853,25,3.674,3.671333333,3.749,3.665,3.824,3.668,3.7348,3.742022222,3.748688889,3.755355556,3.762022222,3.768688889
20.68647571,25,3.672,3.669333333,3.7475,3.663,3.823,3.666,3.7332,3.740488889,3.747198413,3.753907937,3.76061746,3.767326984
21.86681585,25,3.67,3.667333333,3.746,3.661,3.822,3.664,3.7316,3.738955556,3.745707937,3.752460317,3.759212698,3.765965079
20.74093804,25,3.668,3.665333333,3.7445,3.659,3.821,3.662,3.73,3.737422222,3.74421746,3.751012698,3.757807937,3.764603175
21.94582921,25,3.666,3.663333333,3.743,3.657,3.82,3.66,3.7284,3.735888889,3.742726984,3.749565079,3.756403175,3.76324127
20.3764857,25,3.664,3.661333333,3.7415,3.655,3.819,3.658,3.7268,3.734355556,3.741236508,3.74811746,3.754998413,3.761879365
22.51271373,25,3.662,3.659333333,3.74,3.653,3.818,3.656,3.7252,3.732822222,3.739746032,3.746669841,3.753593651,3.76051746
21.8944429,25,3.66,3.657333333,3.7385,3.651,3.817,3.654,3.7236,3.731288889,3.738255556,3.745222222,3.752188889,3.759155556
22.306927,25,3.658,3.655333333,3.737,3.649,3.816,3.652,3.722,3.729755556,3.736765079,3.743774603,3.750784127,3.757793651
21.13214112,25,3.656,3.653333333,3.7355,3.647,3.815,3.65,3.7204,3.728222222,3.735274603,3.742326984,3.749379365,3.756431746
21.24823603,25,3.654,3.651333333,3.734,3.645,3.814,3.648,3.7188,3.726688889,3.733784127,3.740879365,3.747974603,3.755069841
21.61662302,25,3.652,3.649333333,3.7325,3.643,3.813,3.646,3.7172,3.725155556,3.732293651,3.739431746,3.746569841,3.753707937
20.90116421,25,3.65,3.647333333,3.731,3.641,3.812,3.644,3.7156,3.723622222,3.730803175,3.737984127,3.745165079,3.752346032
22.66370985,25,3.648,3.645333333,3.7295,3.639,3.811,3.642,3.714,3.722088889,3.729312698,3.736536508,3.743760317,3.750984127
20.50613529,25,3.646,3.643333333,3.728,3.637,3.81,3.64,3.7124,3.720555556,3.727822222,3.735088889,3.742355556,3.749622222
21.31558406,25,3.644,3.641333333,3.7265,3.635,3.809,3.638,3.7108,3.719022222,3.726331746,3.73364127,3.740950794,3.748260317
20.02499202,25,3.642,3.639333333,3.725,3.633,3.808,3.636,3.7092,3.717488889,3.72484127,3.732193651,3.739546032,3.746898413
21.6712634,25,3.64,3.637333333,3.7235,3.631,3.807,3.634,3.7076,3.715955556,3.723350794,3.730746032,3.73814127,3.745536508
22.28799608,25,3.638,3.635333333,3.722,3.629,3.806,3.632,3.706,3.714422222,3.721860317,3.729298413,3.736736508,3.744174603
21.36568958,25,3.636,3.633333333,3.7205,3.627,3.805,3.63,3.7044,3.712888889,3.720369841,3.727850794,3.735331746,3.742812698
20.66815446,25,3.634,3.631333333,3.719,3.625,3.804,3.628,3.7028,3.711355556,3.718879365,3.726403175,3.733926984,3.741450794
21.84220886,25,3.632,3.629333333,3.7175,3.623,3.803,3.626,3.7012,3.709822222,3.717388889,3.724955556,3.732522222,3.740088889
21.89928134,25,3.63,3.627333333,3.716,3.621,3.802,3.624,3.6996,3.708288889,3.715898413,3.723507937,3.73111746,3.738726984
20.1508179,25,3.628,3.625333333,3.7145,3.619,3.801,3.622,3.698,3.706755556,3.714407937,3.722060317,3.729712698,3.737365079
21.76331152,25,3.626,3.623333333,3.713,3.617,3.8,3.62,3.6964,3.705222222,3.71291746,3.720612698,3.728307937,3.736003175
21.25559484,25,3.624,3.621333333,3.7115,3.615,3.799,3.618,3.6948,3.703688889,3.711426984,3.719165079,3.726903175,3.73464127
22.44376379,25,3.622,3.619333333,3.71,3.613,3.798,3.616,3.6932,3.702155556,3.709936508,3.71771746,3.725498413,3.733279365
22.62970115,25,3.62,3.617333333,3.7085,3.611,3.797,3.614,3.6916,3.700622222,3.708446032,3.716269841,3.724093651,3.73191746
21.56305063,25,3.618,3.615333333,3.707,3.609,3.796,3.612,3.69,3.699088889,3.706955556,3.714822222,3.722688889,3.730555556
22.39248635,25,3.616,3.613333333,3.7055,3.607,3.795,3.61,3.6884,3.697555556,3.705465079,3.713374603,3.721284127,3.729193651
21.52448089,25,3.614,3.611333333,3.704,3.605,3.794,3.608,3.6868,3.696022222,3.703974603,3.711926984,3.719879365,3.727831746
20.48293779,25,3.612,3.609333333,3.7025,3.603,3.793,3.606,3.6852,3.694488889,3.702484127,3.710479365,3.718474603,3.726469841
21.60517815,25,3.61,3.607333333,3.701,3.601,3.792,3.604,3.6836,3.692955556,3.700993651,3.709031746,3.717069841,3.725107937
21.36439475,25,3.608,3.605333333,3.6995,3.599,3.791,3.602,3.682,3.691422222,3.699503175,3.707584127,3.715665079,3.723746032
22.72111957,25,3.606,3.603333333,3.698,3.597,3.79,3.6,3.6804,3.689888889,3.698012698,3.706136508,3.714260317,3.722384127
20.55844036,25,3.604,3.601333333,3.6965,3.595,3.789,3.598,3.6788,3.688355556,3.696522222,3.704688889,3.712855556,3.721022222
21.87650771,25,3.602,3.599333333,3.695,3.593,3.788,3.596,3.6772,3.686822222,3.695031746,3.70324127,3.711450794,3.719660317
21.47995946,25,3.6,3.597333333,3.6935,3.591,3.787,3.594,3.6756,3.685288889,3.69354127,3.701793651,3.710046032,3.718298413
21.63927866,25,3.598,3.595333333,3.692,3.589,3.786,3.592,3.674,3.683755556,3.692050794,3.700346032,3.70864127,3.716936508
21.319604,25,3.596,3.593333333,3.6905,3.587,3.785,3.59,3.6724,3.682222222,3.690560317,3.698898413,3.707236508,3.715574603
20.8849088,25,3.594,3.591333333,3.689,3.585,3.784,3.588,3.6708,3.680688889,3.689069841,3.697450794,3.705831746,3.714212698
22.61958984,25,3.592,3.589333333,3.6875,3.583,3.783,3.586,3.6692,3.679155556,3.687579365,3.696003175,3.704426984,3.712850794
20.8991528,25,3.59,3.587333333,3.686,3.581,3.782,3.584,3.6676,3.677622222,3.686088889,3.694555556,3.703022222,3.711488889
22.64617843,25,3.588,3.585333333,3.6845,3.579,3.781,3.582,3.666,3.676088889,3.684598413,3.693107937,3.70161746,3.710126984
21.94578505,25,3.586,3.583333333,3.683,3.577,3.78,3.58,3.6644,3.674555556,3.683107937,3.691660317,3.700212698,3.708765079
22.45331274,25,3.584,3.581333333,3.6815,3.575,3.779,3.578,3.6628,3.673022222,3.68161746,3.690212698,3.698807937,3.707403175
22.61159069,25,3.582,3.579333333,3.68,3.573,3.778,3.576,3.6612,3.671488889,3.680126984,3.688765079,3.697403175,3.70604127
20.19123274,25,3.58,3.577333333,3.6785,3.571,3.777,3.574,3.6596,3.669955556,3.678636508,3.68731746,3.695998413,3.704679365
21.14478379,25,3.578,3.575333333,3.677,3.569,3.776,3.572,3.658,3.668422222,3.677146032,3.685869841,3.694593651,3.70331746
20.14478136,25,3.576,3.573333333,3.6755,3.567,3.775,3.57,3.6564,3.666888889,3.675655556,3.684422222,3.693188889,3.701955556
20.38361734,25,3.574,3.571333333,3.674,3.565,3.774,3.568,3.6548,3.665355556,3.674165079,3.682974603,3.691784127,3.700593651
20.36075561,25,3.572,3.569333333,3.6725,3.563,3.773,3.566,3.6532,3.663822222,3.672674603,3.681526984,3.690379365,3.699231746
21.19269472,25,3.57,3.567333333,3.671,3.561,3.772,3.564,3.6516,3.662288889,3.671184127,3.680079365,3.688974603,3.697869841
22.45613724,25,3.568,3.565333333,3.6695,3.559,3.771,3.562,3.65,3.660755556,3.669693651,3.678631746,3.687569841,3.696507937
22.12959823,25,3.566,3.563333333,3.668,3.557,3.77,3.56,3.6484,3.659222222,3.668203175,3.677184127,3.686165079,3.695146032
21.9287229,25,3.564,3.561333333,3.6665,3.555,3.769,3.558,3.6468,3.657688889,3.666712698,3.675736508,3.684760317,3.693784127
21.24576374,25,3.562,3.559333333,3.665,3.553,3.768,3.556,3.6452,3.656155556,3.665222222,3.674288889,3.683355556,3.692422222
0,25,3.562,3.78,3.78,3.78,3.78,3.78,3.78,3.78,3.78,3.78,3.78,3.78
0,25,3.562,3.8,3.8,3.8,3.8,3.8,3.8,3.8,3.8,3.8,3.8,3.8
-19.64859535,25,3.989,3.99,3.991,3.99,3.990333333,3.990333333,3.990333333,3.990333333,3.990333333,3.990333333,3.990333333,3.990333333
-17.91330969,25,3.991,3.992,3.993,3.992,3.992333333,3.992333333,3.992333333,3.992333333,3.992333333,3.992333333,3.992333333,3.992333333
-18.23608009,25,3.993,3.994,3.995,3.994,3.994333333,3.994333333,3.994333333,3.994333333,3.994333333,3.994333333,3.994333333,3.994333333
-17.87265864,25,3.995,3.996,3.997,3.996,3.996333333,3.996333333,3.996333333,3.996333333,3.996333333,3.996333333,3.996333333,3.996333333
-18.84906835,25,3.997,3.998,3.999,3.998,3.998333333,3.998333333,3.998333333,3.998333333,3.998333333,3.998333333,3.998333333,3.998333333
-19.26399144,25,3.999,4,4.001,4,4.000333333,4.000333333,4.000333333,4.000333333,4.000333333,4.000333333,4.000333333,4.000333333
-18.82908106,25,4.001,4.002,4.003,4.002,4.002333333,4.002333333,4.002333333,4.002333333,4.002333333,4.002333333,4.002333333,4.002333333
-17.68486563,25,4.003,4.004,4.005,4.004,4.004333333,4.004333333,4.004333333,4.004333333,4.004333333,4.004333333,4.004333333,4.004333333
-18.77938643,25,4.005,4.006,4.007,4.006,4.006333333,4.006333333,4.006333333,4.006333333,4.006333333,4.006333333,4.006333333,4.006333333
-19.0210527,25,4.007,4.008,4.009,4.008,4.008333333,4.008333333,4.008333333,4.008333333,4.008333333,4.008333333,4.008333333,4.008333333
-18.99550002,25,4.009,4.01,4.011,4.01,4.010333333,4.010333333,4.010333333,4.010333333,4.010333333,4.010333333,4.010333333,4.010333333
-19.5403552,25,4.011,4.012,4.013,4.012,4.012333333,4.012333333,4.012333333,4.012333333,4.012333333,4.012333333,4.012333333,4.012333333
-19.72625516,25,4.013,4.014,4.015,4.014,4.014333333,4.014333333,4.014333333,4.014333333,4.014333333,4.014333333,4.014333333,4.014333333
-19.23367013,25,4.015,4.016,4.017,4.016,4.016333333,4.016333333,4.016333333,4.016333333,4.016333333,4.016333333,4.016333333,4.016333333
-19.45815011,25,4.017,4.018,4.019,4.018,4.018333333,4.018333333,4.018333333,4.018333333,4.018333333,4.018333333,4.018333333,4.018333333
-18.27862356,25,4.019,4.02,4.021,4.02,4.020333333,4.020333333,4.020333333,4.020333333,4.020333333,4.020333333,4.020333333,4.020333333
-17.09831837,25,4.021,4.022,4.023,4.022,4.022333333,4.022333333,4.022333333,4.022333333,4.022333333,4.022333333,4.022333333,4.022333333
-18.45173084,25,4.023,4.024,4.025,4.024,4.024333333,4.024333333,4.024333333,4.024333333,4.024333333,4.024333333,4.024333333,4.024333333
-18.59607573,25,4.025,4.026,4.027,4.026,4.026333333,4.026333333,4.026333333,4.026333333,4.026333333,4.026333333,4.026333333,4.026333333
-19.54506248,25,4.027,4.028,4.029,4.028,4.028333333,4.028333333,4.028333333,4.028333333,4.028333333,4.028333333,4.028333333,4.028333333
-18.75150657,25,4.029,4.03,4.031,4.03,4.030333333,4.030333333,4.030333333,4.030333333,4.030333333,4.030333333,4.030333333,4.030333333
-17.35050657,25,4.031,4.032,4.033,4.032,4.032333333,4.032333333,4.032333333,4.032333333,4.032333333,4.032333333,4.032333333,4.032333333
-18.67835499,25,4.033,4.034,4.035,4.034,4.034333333,4.034333333,4.034333333,4.034333333,4.034333333,4.034333333,4.034333333,4.034333333
-19.86373584,25,4.035,4.036,4.037,4.036,4.036333333,4.036333333,4.036333333,4.036333333,4.036333333,4.036333333,4.036333333,4.036333333
-19.07374249,25,4.037,4.038,4.039,4.038,4.038333333,4.038333333,4.038333333,4.038333333,4.038333333,4.038333333,4.038333333,4.038333333
-18.07506706,25,4.039,4.04,4.041,4.04,4.040333333,4.040333333,4.040333333,4.040333333,4.040333333,4.040333333,4.040333333,4.040333333
-18.15292082,25,4.041,4.042,4.043,4.042,4.042333333,4.042333333,4.042333333,4.042333333,4.042333333,4.042333333,4.042333333,4.042333333
-17.67635252,25,4.043,4.044,4.045,4.044,4.044333333,4.044333333,4.044333333,4.044333333,4.044333333,4.044333333,4.044333333,4.044333333
-18.38605173,25,4.045,4.046,4.047,4.046,4.046333333,4.046333333,4.046333333,4.046333333,4.046333333,4.046333333,4.046333333,4.046333333
-18.96692262,25,4.047,4.048,4.049,4.048,4.048333333,4.048333333,4.048333333,4.048333333,4.048333333,4.048333333,4.048333333,4.048333333
-17.30505278,25,4.049,4.05,4.051,4.05,4.050333333,4.050333333,4.050333333,4.050333333,4.050333333,4.050333333,4.050333333,4.050333333
-18.33930686,25,4.051,4.052,4.053,4.052,4.052333333,4.052333333,4.052333333,4.052333333,4.052333333,4.052333333,4.052333333,4.052333333
-18.72853447,25,4.053,4.054,4.055,4.054,4.054333333,4.054333333,4.054333333,4.054333333,4.054333333,4.054333333,4.054333333,4.054333333
-19.71467359,25,4.055,4.056,4.057,4.056,4.056333333,4.056333333,4.056333333,4.056333333,4.056333333,4.056333333,4.056333333,4.056333333
-18.37377815,25,4.057,4.058,4.059,4.058,4.058333333,4.058333333,4.058333333,4.058333333,4.058333333,4.058333333,4.058333333,4.058333333
-17.92320826,25,4.059,4.06,4.061,4.06,4.060333333,4.060333333,4.060333333,4.060333333,4.060333333,4.060333333,4.060333333,4.060333333
-17.69651762,25,4.061,4.062,4.063,4.062,4.062333333,4.062333333,4.062333333,4.062333333,4.062333333,4.062333333,4.062333333,4.062333333
-18.27585744,25,4.063,4.064,4.065,4.064,4.064333333,4.064333333,4.064333333,4.064333333,4.064333333,4.064333333,4.064333333,4.064333333
-19.76757465,25,4.065,4.066,4.067,4.066,4.066333333,4.066333333,4.066333333,4.066333333,4.066333333,4.066333333,4.066333333,4.066333333
-18.47226882,25,4.067,4.068,4.069,4.068,4.068333333,4.068333333,4.068333333,4.068333333,4.068333333,4.068333333,4.068333333,4.068333333
-17.87303247,25,4.069,4.07,4.071,4.07,4.070333333,4.070333333,4.070333333,4.070333333,4.070333333,4.070333333,4.070333333,4.070333333
-19.04395656,25,4.071,4.072,4.073,4.072,4.072333333,4.072333333,4.072333333,4.072333333,4.072333333,4.072333333,4.072333333,4.072333333
-17.91579646,25,4.073,4.074,4.075,4.074,4.074333333,4.074333333,4.074333333,4.074333333,4.074333333,4.074333333,4.074333333,4.074333333
-19.94071803,25,4.075,4.076,4.077,4.076,4.076333333,4.076333333,4.076333333,4.076333333,4.076333333,4.076333333,4.076333333,4.076333333
-18.60395146,25,4.077,4.078,4.079,4.078,4.078333333,4.078333333,4.078333333,4.078333333,4.078333333,4.078333333,4.078333333,4.078333333
-18.07008869,25,4.079,4.08,4.081,4.08,4.080333333,4.080333333,4.080333333,4.080333333,4.080333333,4.080333333,4.080333333,4.080333333
-19.84830247,25,4.081,4.082,4.083,4.082,4.082333333,4.082333333,4.082333333,4.082333333,4.082333333,4.082333333,4.082333333,4.082333333
-17.38568962,25,4.083,4.084,4.085,4.084,4.084333333,4.084333333,4.084333333,4.084333333,4.084333333,4.084333333,4.084333333,4.084333333
-19.82159264,25,4.085,4.086,4.087,4.086,4.086333333,4.086333333,4.086333333,4.086333333,4.086333333,4.086333333,4.086333333,4.086333333
-19.85467814,25,4.087,4.088,4.089,4.088,4.088333333,4.088333333,4.088333333,4.088333333,4.088333333,4.088333333,4.088333333,4.088333333
-18.44289937,25,4.089,4.09,4.091,4.09,4.090333333,4.090333333,4.090333333,4.090333333,4.090333333,4.090333333,4.090333333,4.090333333
-18.81528053,25,4.091,4.092,4.093,4.092,4.092333333,4.092333333,4.092333333,4.092333333,4.092333333,4.092333333,4.092333333,4.092333333
-18.35738903,25,4.093,4.094,4.095,4.094,4.094333333,4.094333333,4.094333333,4.094333333,4.094333333,4.094333333,4.094333333,4.094333333
-19.05453616,25,4.095,4.096,4.097,4.096,4.096333333,4.096333333,4.096333333,4.096333333,4.096333333,4.096333333,4.096333333,4.096333333
-17.96649507,25,4.097,4.098,4.099,4.098,4.098333333,4.098333333,4.098333333,4.098333333,4.098333333,4.098333333,4.098333333,4.098333333
-17.15646445,25,4.099,4.1,4.101,4.1,4.100333333,4.100333333,4.100333333,4.100333333,4.100333333,4.100333333,4.100333333,4.100333333
-17.00630126,25,4.101,4.102,4.103,4.102,4.102333333,4.102333333,4.102333333,4.102333333,4.102333333,4.102333333,4.102333333,4.102333333
-19.01582681,25,4.103,4.104,4.105,4.104,4.104333333,4.104333333,4.104333333,4.104333333,4.104333333,4.104333333,4.104333333,4.104333333
-17.42071559,25,4.105,4.106,4.107,4.106,4.106333333,4.106333333,4.106333333,4.106333333,4.106333333,4.106333333,4.106333333,4.106333333
-17.67566091,25,4.107,4.108,4.109,4.108,4.108333333,4.108333333,4.108333333,4.108333333,4.108333333,4.108333333,4.108333333,4.108333333
-17.8987886,25,4.109,4.11,4.111,4.11,4.110333333,4.110333333,4.110333333,4.110333333,4.110333333,4.110333333,4.110333333,4.110333333
-18.93103143,25,4.111,4.112,4.113,4.112,4.112333333,4.112333333,4.112333333,4.112333333,4.112333333,4.112333333,4.112333333,4.112333333
-18.97336588,25,4.113,4.114,4.115,4.114,4.114333333,4.114333333,4.114333333,4.114333333,4.114333333,4.114333333,4.114333333,4.114333333
-18.46770191,25,4.115,4.116,4.117,4.116,4.116333333,4.116333333,4.116333333,4.116333333,4.116333333,4.116333333,4.116333333,4.116333333
-17.48108909,25,4.117,4.118,4.119,4.118,4.118333333,4.118333333,4.118333333,4.118333333,4.118333333,4.118333333,4.118333333,4.118333333
-18.63660867,25,4.119,4.12,4.121,4.12,4.120333333,4.120333333,4.120333333,4.120333333,4.120333333,4.120333333,4.120333333,4.120333333
-17.80447522,25,4.121,4.122,4.123,4.122,4.122333333,4.122333333,4.122333333,4.122333333,4.122333333,4.122333333,4.122333333,4.122333333
-18.00583392,25,4.123,4.124,4.125,4.124,4.124333333,4.124333333,4.124333333,4.124333333,4.124333333,4.124333333,4.124333333,4.124333333
-18.45199558,25,4.125,4.126,4.127,4.126,4.126333333,4.126333333,4.126333333,4.126333333,4.126333333,4.126333333,4.126333333,4.126333333
-17.63242929,25,4.127,4.128,4.129,4.128,4.128333333,4.128333333,4.128333333,4.128333333,4.128333333,4.128333333,4.128333333,4.128333333
-19.86066463,25,4.129,4.13,4.131,4.13,4.130333333,4.130333333,4.130333333,4.130333333,4.130333333,4.130333333,4.130333333,4.130333333
-17.80765214,25,4.131,4.132,4.133,4.132,4.132333333,4.132333333,4.132333333,4.132333333,4.132333333,4.132333333,4.132333333,4.132333333
-17.2674237,25,4.133,4.134,4.135,4.134,4.134333333,4.134333333,4.134333333,4.134333333,4.134333333,4.134333333,4.134333333,4.134333333
-17.85133206,25,4.135,4.136,4.137,4.136,4.136333333,4.136333333,4.136333333,4.136333333,4.136333333,4.136333333,4.136333333,4.136333333
-19.0333097,25,4.137,4.138,4.139,4.138,4.138333333,4.138333333,4.138333333,4.138333333,4.138333333,4.138333333,4.138333333,4.138333333
-18.60102397,25,4.139,4.14,4.141,4.14,4.140333333,4.140333333,4.140333333,4.140333333,4.140333333,4.140333333,4.140333333,4.140333333
-17.73922531,25,4.141,4.142,4.143,4.142,4.142333333,4.142333333,4.142333333,4.142333333,4.142333333,4.142333333,4.142333333,4.142333333
-17.91261284,25,4.143,4.144,4.145,4.144,4.144333333,4.144333333,4.144333333,4.144333333,4.144333333,4.144333333,4.144333333,4.144333333
-18.0527974,25,4.145,4.146,4.147,4.146,4.146333333,4.146333333,4.146333333,4.146333333,4.146333333,4.146333333,4.146333333,4.146333333
-19.8224054,25,4.147,4.148,4.149,4.148,4.148333333,4.148333333,4.148333333,4.148333333,4.148333333,4.148333333,4.148333333,4.148333333
-17.04576349,25,4.149,4.15,4.151,4.15,4.150333333,4.150333333,4.150333333,4.150333333,4.150333333,4.150333333,4.150333333,4.150333333
-18.71474537,25,4.151,4.152,4.153,4.152,4.152333333,4.152333333,4.152333333,4.152333333,4.152333333,4.152333333,4.152333333,4.152333333
-18.81565031,25,4.153,4.154,4.155,4.154,4.154333333,4.154333333,4.154333333,4.154333333,4.154333333,4.154333333,4.154333333,4.154333333
-17.038283,25,4.155,4.156,4.157,4.156,4.156333333,4.156333333,4.156333333,4.156333333,4.156333333,4.156333333,4.156333333,4.156333333
-18.39682622,25,4.157,4.158,4.159,4.158,4.158333333,4.158333333,4.158333333,4.158333333,4.158333333,4.158333333,4.158333333,4.158333333
-19.12669704,25,4.159,4.16,4.161,4.16,4.160333333,4.160333333,4.160333333,4.160333333,4.160333333,4.160333333,4.160333333,4.160333333
-17.00983266,25,4.161,4.162,4.163,4.162,4.162333333,4.162333333,4.162333333,4.162333333,4.162333333,4.162333333,4.162333333,4.162333333
-19.3589758,25,4.163,4.164,4.165,4.164,4.164333333,4.164333333,4.164333333,4.164333333,4.164333333,4.164333333,4.164333333,4.164333333
-19.38803246,25,4.165,4.166,4.167,4.166,4.166333333,4.166333333,4.166333333,4.166333333,4.166333333,4.166333333,4.166333333,4.166333333
-17.99912148,25,4.167,4.168,4.169,4.168,4.168333333,4.168333333,4.168333333,4.168333333,4.168333333,4.168333333,4.168333333,4.168333333
-18.35011089,25,4.169,4.17,4.171,4.17,4.170333333,4.170333333,4.170333333,4.170333333,4.170333333,4.170333333,4.170333333,4.170333333
-17.17457746,25,4.171,4.172,4.173,4.172,4.172333333,4.172333333,4.172333333,4.172333333,4.172333333,4.172333333,4.172333333,4.172333333
-19.50603992,25,4.173,4.174,4.175,4.174,4.174333333,4.174333333,4.174333333,4.174333333,4.174333333,4.174333333,4.174333333,4.174333333
-18.22100989,25,4.175,4.176,4.177,4.176,4.176333333,4.176333333,4.176333333,4.176333333,4.176333333,4.176333333,4.176333333,4.176333333
-18.20026205,25,4.177,4.178,4.179,4.178,4.178333333,4.178333333,4.178333333,4.178333333,4.178333333,4.178333333,4.178333333,4.178333333
-18.23034393,25,4.179,4.18,4.181,4.18,4.180333333,4.180333333,4.180333333,4.180333333,4.180333333,4.180333333,4.180333333,4.180333333
-17.46255734,25,4.181,4.182,4.183,4.182,4.182333333,4.182333333,4.182333333,4.182333333,4.182333333,4.182333333,4.182333333,4.182333333
-18.43529504,25,4.183,4.184,4.185,4.184,4.184333333,4.184333333,4.184333333,4.184333333,4.184333333,4.184333333,4.184333333,4.184333333
-17.2928989,25,4.185,4.186,4.187,4.186,4.186333333,4.186333333,4.186333333,4.186333333,4.186333333,4.186333333,4.186333333,4.186333333
-18.2116277,25,4.187,4.188,4.189,4.188,4.188333333,4.188333333,4.188333333,4.188333333,4.188333333,4.188333333,4.188333333,4.188333333
21.51971091,25,3.918,3.915333333,3.932,3.913,3.946,3.912,3.93,3.929355556,3.930679365,3.932003175,3.933326984,3.934650794
20.85544089,25,3.916,3.913333333,3.9305,3.915,3.945,3.91,3.9284,3.928088889,3.92934127,3.930593651,3.931846032,3.933098413
22.2159853,25,3.914,3.911333333,3.929,3.917,3.944,3.908,3.9268,3.926822222,3.928003175,3.929184127,3.930365079,3.931546032
22.49692431,25,3.912,3.909333333,3.9275,3.919,3.943,3.906,3.9252,3.925555556,3.926665079,3.927774603,3.928884127,3.929993651
20.79158517,25,3.91,3.907333333,3.926,3.921,3.942,3.904,3.9236,3.924288889,3.925326984,3.926365079,3.927403175,3.92844127
22.01258413,25,3.908,3.905333333,3.9245,3.923,3.941,3.902,3.922,3.923022222,3.923988889,3.924955556,3.925922222,3.926888889
21.04402278,25,3.906,3.903333333,3.923,3.925,3.94,3.9,3.9204,3.921755556,3.922650794,3.923546032,3.92444127,3.925336508
20.72982314,25,3.904,3.901333333,3.9215,3.927,3.939,3.898,3.9188,3.920488889,3.921312698,3.922136508,3.922960317,3.923784127
20.92173941,25,3.902,3.899333333,3.92,3.929,3.938,3.896,3.9172,3.919222222,3.919974603,3.920726984,3.921479365,3.922231746
22.8095572,25,3.9,3.897333333,3.9185,3.931,3.937,3.894,3.9156,3.917955556,3.918636508,3.91931746,3.919998413,3.920679365
20.86209356,25,3.898,3.895333333,3.917,3.933,3.936,3.892,3.914,3.916688889,3.917298413,3.917907937,3.91851746,3.919126984
21.73726327,25,3.896,3.893333333,3.9155,3.935,3.935,3.89,3.9124,3.915422222,3.915960317,3.916498413,3.917036508,3.917574603
22.06730674,25,3.894,3.891333333,3.914,3.937,3.934,3.888,3.9108,3.914155556,3.914622222,3.915088889,3.915555556,3.916022222
21.0172425,25,3.892,3.889333333,3.9125,3.939,3.933,3.886,3.9092,3.912888889,3.913284127,3.913679365,3.914074603,3.914469841
20.22843411,25,3.89,3.887333333,3.911,3.941,3.932,3.884,3.9076,3.911622222,3.911946032,3.912269841,3.912593651,3.91291746
22.51360273,25,3.888,3.885333333,3.9095,3.943,3.931,3.882,3.906,3.910355556,3.910607937,3.910860317,3.911112698,3.911365079
22.13648276,25,3.886,3.883333333,3.908,3.945,3.93,3.88,3.9044,3.909088889,3.909269841,3.909450794,3.909631746,3.909812698
21.00325056,25,3.884,3.881333333,3.9065,3.947,3.929,3.878,3.9028,3.907822222,3.907931746,3.90804127,3.908150794,3.908260317
20.9643723,25,3.882,3.879333333,3.905,3.949,3.928,3.876,3.9012,3.906555556,3.906593651,3.906631746,3.906669841,3.906707937
20.87545101,25,3.88,3.877333333,3.9035,3.951,3.927,3.874,3.8996,3.905288889,3.905255556,3.905222222,3.905188889,3.905155556
20.74298466,25,3.878,3.875333333,3.902,3.953,3.926,3.872,3.898,3.904022222,3.90391746,3.903812698,3.903707937,3.903603175
20.99024311,25,3.876,3.873333333,3.9005,3.955,3.925,3.87,3.8964,3.902755556,3.902579365,3.902403175,3.902226984,3.902050794
21.84511854,25,3.874,3.871333333,3.899,3.957,3.924,3.868,3.8948,3.901488889,3.90124127,3.900993651,3.900746032,3.900498413
20.96433041,25,3.872,3.869333333,3.8975,3.959,3.923,3.866,3.8932,3.900222222,3.899903175,3.899584127,3.899265079,3.898946032
22.93646469,25,3.87,3.867333333,3.896,3.961,3.922,3.864,3.8916,3.898955556,3.898565079,3.898174603,3.897784127,3.897393651
21.28587903,25,3.868,3.865333333,3.8945,3.963,3.921,3.862,3.89,3.897688889,3.897226984,3.896765079,3.896303175,3.89584127
22.65314987,25,3.866,3.863333333,3.893,3.965,3.92,3.86,3.8884,3.896422222,3.895888889,3.895355556,3.894822222,3.894288889
22.19789616,25,3.864,3.861333333,3.8915,3.967,3.919,3.858,3.8868,3.895155556,3.894550794,3.893946032,3.89334127,3.892736508
22.24014243,25,3.862,3.859333333,3.89,3.969,3.918,3.856,3.8852,3.893888889,3.893212698,3.892536508,3.891860317,3.891184127
21.18275723,25,3.86,3.857333333,3.8885,3.971,3.917,3.854,3.8836,3.892622222,3.891874603,3.891126984,3.890379365,3.889631746
22.10582079,25,3.858,3.855333333,3.887,3.973,3.916,3.852,3.882,3.891355556,3.890536508,3.88971746,3.888898413,3.888079365
20.1017306,25,3.856,3.853333333,3.8855,3.975,3.915,3.85,3.8804,3.890088889,3.889198413,3.888307937,3.88741746,3.886526984
22.22541658,25,3.854,3.851333333,3.884,3.977,3.914,3.848,3.8788,3.888822222,3.887860317,3.886898413,3.885936508,3.884974603
20.6595128,25,3.852,3.849333333,3.8825,3.979,3.913,3.846,3.8772,3.887555556,3.886522222,3.885488889,3.884455556,3.883422222
21.00781237,25,3.85,3.847333333,3.881,3.981,3.912,3.844,3.8756,3.886288889,3.885184127,3.884079365,3.882974603,3.881869841
21.08836682,25,3.848,3.845333333,3.8795,3.983,3.911,3.842,3.874,3.885022222,3.883846032,3.882669841,3.881493651,3.88031746
20.16647384,25,3.846,3.843333333,3.878,3.985,3.91,3.84,3.8724,3.883755556,3.882507937,3.881260317,3.880012698,3.878765079
22.06430019,25,3.844,3.841333333,3.8765,3.987,3.909,3.838,3.8708,3.882488889,3.881169841,3.879850794,3.878531746,3.877212698
21.20184189,25,3.842,3.839333333,3.875,3.989,3.908,3.836,3.8692,3.881222222,3.879831746,3.87844127,3.877050794,3.875660317
21.81905821,25,3.84,3.837333333,3.8735,3.991,3.907,3.834,3.8676,3.879955556,3.878493651,3.877031746,3.875569841,3.874107937
22.40041498,25,3.838,3.835333333,3.872,3.993,3.906,3.832,3.866,3.878688889,3.877155556,3.875622222,3.874088889,3.872555556
22.46922924,25,3.836,3.833333333,3.8705,3.995,3.905,3.83,3.8644,3.877422222,3.87581746,3.874212698,3.872607937,3.871003175
21.56691044,25,3.834,3.831333333,3.869,3.997,3.904,3.828,3.8628,3.876155556,3.874479365,3.872803175,3.871126984,3.869450794
22.02064203,25,3.832,3.829333333,3.8675,3.999,3.903,3.826,3.8612,3.874888889,3.87314127,3.871393651,3.869646032,3.867898413
20.53642682,25,3.83,3.827333333,3.866,4.001,3.902,3.824,3.8596,3.873622222,3.871803175,3.869984127,3.868165079,3.866346032
20.77294429,25,3.828,3.825333333,3.8645,4.003,3.901,3.822,3.858,3.872355556,3.870465079,3.868574603,3.866684127,3.864793651
21.96641953,25,3.826,3.823333333,3.863,4.005,3.9,3.82,3.8564,3.871088889,3.869126984,3.867165079,3.865203175,3.86324127
20.8296885,25,3.824,3.821333333,3.8615,4.007,3.899,3.818,3.8548,3.869822222,3.867788889,3.865755556,3.863722222,3.861688889
22.19332607,25,3.822,3.819333333,3.86,4.009,3.898,3.816,3.8532,3.868555556,3.866450794,3.864346032,3.86224127,3.860136508
21.52783777,25,3.82,3.817333333,3.8585,4.011,3.897,3.814,3.8516,3.867288889,3.865112698,3.862936508,3.860760317,3.858584127
22.47840456,25,3.818,3.815333333,3.857,4.013,3.896,3.812,3.85,3.866022222,3.863774603,3.861526984,3.859279365,3.857031746
21.42177218,25,3.816,3.813333333,3.8555,4.015,3.895,3.81,3.8484,3.864755556,3.862436508,3.86011746,3.857798413,3.855479365
22.12054081,25,3.814,3.811333333,3.854,4.017,3.894,3.808,3.8468,3.863488889,3.861098413,3.858707937,3.85631746,3.853926984
21.95894617,25,3.812,3.809333333,3.8525,4.019,3.893,3.806,3.8452,3.862222222,3.859760317,3.857298413,3.854836508,3.852374603
22.44789365,25,3.81,3.807333333,3.851,4.021,3.892,3.804,3.8436,3.860955556,3.858422222,3.855888889,3.853355556,3.850822222
22.90075833,25,3.808,3.805333333,3.8495,4.023,3.891,3.802,3.842,3.859688889,3.857084127,3.854479365,3.851874603,3.849269841
22.57876672,25,3.806,3.803333333,3.848,4.025,3.89,3.8,3.8404,3.858422222,3.855746032,3.853069841,3.850393651,3.84771746
21.82784198,25,3.804,3.801333333,3.8465,4.027,3.889,3.798,3.8388,3.857155556,3.854407937,3.851660317,3.848912698,3.846165079
20.24962873,25,3.802,3.799333333,3.845,4.029,3.888,3.796,3.8372,3.855888889,3.853069841,3.850250794,3.847431746,3.844612698
21.55881596,25,3.8,3.797333333,3.8435,4.031,3.887,3.794,3.8356,3.854622222,3.851731746,3.84884127,3.845950794,3.843060317
21.3067633,25,3.798,3.795333333,3.842,4.033,3.886,3.792,3.834,3.853355556,3.850393651,3.847431746,3.844469841,3.841507937
20.6508596,25,3.796,3.793333333,3.8405,4.035,3.885,3.79,3.8324,3.852088889,3.849055556,3.846022222,3.842988889,3.839955556
22.77887176,25,3.794,3.791333333,3.839,4.037,3.884,3.788,3.8308,3.850822222,3.84771746,3.844612698,3.841507937,3.838403175
21.0155569,25,3.792,3.789333333,3.8375,4.039,3.883,3.786,3.8292,3.849555556,3.846379365,3.843203175,3.840026984,3.836850794
21.8004523,25,3.79,3.787333333,3.836,4.041,3.882,3.784,3.8276,3.848288889,3.84504127,3.841793651,3.838546032,3.835298413
21.16102699,25,3.788,3.785333333,3.8345,4.043,3.881,3.782,3.826,3.847022222,3.843703175,3.840384127,3.837065079,3.833746032
20.60883381,25,3.786,3.783333333,3.833,4.045,3.88,3.78,3.8244,3.845755556,3.842365079,3.838974603,3.835584127,3.832193651
22.12038437,25,3.784,3.781333333,3.8315,4.047,3.879,3.778,3.8228,3.844488889,3.841026984,3.837565079,3.834103175,3.83064127
20.72012593,25,3.782,3.779333333,3.83,4.049,3.878,3.776,3.8212,3.843222222,3.839688889,3.836155556,3.832622222,3.829088889
22.90810251,25,3.78,3.777333333,3.8285,4.051,3.877,3.774,3.8196,3.841955556,3.838350794,3.834746032,3.83114127,3.827536508
22.74511295,25,3.778,3.775333333,3.827,4.053,3.876,3.772,3.818,3.840688889,3.837012698,3.833336508,3.829660317,3.825984127
20.09589577,25,3.776,3.773333333,3.8255,4.055,3.875,3.77,3.8164,3.839422222,3.835674603,3.831926984,3.828179365,3.824431746
21.0348261,25,3.774,3.771333333,3.824,4.057,3.874,3.768,3.8148,3.838155556,3.834336508,3.83051746,3.826698413,3.822879365
21.48503082,25,3.772,3.769333333,3.8225,4.059,3.873,3.766,3.8132,3.836888889,3.832998413,3.829107937,3.82521746,3.821326984
22.56300108,25,3.77,3.767333333,3.821,4.061,3.872,3.764,3.8116,3.835622222,3.831660317,3.827698413,3.823736508,3.819774603
20.34921412,25,3.768,3.765333333,3.8195,4.063,3.871,3.762,3.81,3.834355556,3.830322222,3.826288889,3.822255556,3.818222222
20.25453258,25,3.766,3.763333333,3.818,4.065,3.87,3.76,3.8084,3.833088889,3.828984127,3.824879365,3.820774603,3.816669841
21.23718406,25,3.764,3.761333333,3.8165,4.067,3.869,3.758,3.8068,3.831822222,3.827646032,3.823469841,3.819293651,3.81511746
21.76859771,25,3.762,3.759333333,3.815,4.069,3.868,3.756,3.8052,3.830555556,3.826307937,3.822060317,3.817812698,3.813565079
20.00572878,25,3.76,3.757333333,3.8135,4.071,3.867,3.754,3.8036,3.829288889,3.824969841,3.820650794,3.816331746,3.812012698
20.40078276,25,3.758,3.755333333,3.812,4.073,3.866,3.752,3.802,3.828022222,3.823631746,3.81924127,3.814850794,3.810460317
20.05851508,25,3.756,3.753333333,3.8105,4.075,3.865,3.75,3.8004,3.826755556,3.822293651,3.817831746,3.813369841,3.808907937
22.46696144,25,3.754,3.751333333,3.809,4.077,3.864,3.748,3.7988,3.825488889,3.820955556,3.816422222,3.811888889,3.807355556
21.22181257,25,3.752,3.749333333,3.8075,4.079,3.863,3.746,3.7972,3.824222222,3.81961746,3.815012698,3.810407937,3.805803175
21.54758636,25,3.75,3.747333333,3.806,4.081,3.862,3.744,3.7956,3.822955556,3.818279365,3.813603175,3.808926984,3.804250794
21.65220825,25,3.748,3.745333333,3.8045,4.083,3.861,3.742,3.794,3.821688889,3.81694127,3.812193651,3.807446032,3.802698413
21.72874089,25,3.746,3.743333333,3.803,4.085,3.86,3.74,3.7924,3.820422222,3.815603175,3.810784127,3.805965079,3.801146032
22.25730228,25,3.744,3.741333333,3.8015,4.087,3.859,3.738,3.7908,3.819155556,3.814265079,3.809374603,3.804484127,3.799593651
21.28236783,25,3.742,3.739333333,3.8,4.089,3.858,3.736,3.7892,3.817888889,3.812926984,3.807965079,3.803003175,3.79804127
22.77366802,25,3.74,3.737333333,3.7985,4.091,3.857,3.734,3.7876,3.816622222,3.811588889,3.806555556,3.801522222,3.796488889
20.96493629,25,3.738,3.735333333,3.797,4.093,3.856,3.732,3.786,3.815355556,3.810250794,3.805146032,3.80004127,3.794936508
20.21370087,25,3.736,3.733333333,3.7955,4.095,3.855,3.73,3.7844,3.814088889,3.808912698,3.803736508,3.798560317,3.793384127
21.36450741,25,3.734,3.731333333,3.794,4.097,3.854,3.728,3.7828,3.812822222,3.807574603,3.802326984,3.797079365,3.791831746
22.22144408,25,3.732,3.729333333,3.7925,4.099,3.853,3.726,3.7812,3.811555556,3.806236508,3.80091746,3.795598413,3.790279365
22.38302788,25,3.73,3.727333333,3.791,4.101,3.852,3.724,3.7796,3.810288889,3.804898413,3.799507937,3.79411746,3.788726984
21.73695825,25,3.728,3.725333333,3.7895,4.103,3.851,3.722,3.778,3.809022222,3.803560317,3.798098413,3.792636508,3.787174603
20.13792226,25,3.726,3.723333333,3.788,4.105,3.85,3.72,3.7764,3.807755556,3.802222222,3.796688889,3.791155556,3.785622222
22.40495573,25,3.724,3.721333333,3.7865,4.107,3.849,3.718,3.7748,3.806488889,3.800884127,3.795279365,3.789674603,3.784069841
22.64087983,25,3.722,3.719333333,3.785,4.109,3.848,3.716,3.7732,3.805222222,3.799546032,3.793869841,3.788193651,3.78251746
22.60760143,25,3.72,3.717333333,3.7835,4.111,3.847,3.714,3.7716,3.803955556,3.798207937,3.792460317,3.786712698,3.780965079
21.05172173,25,3.718,3.715333333,3.782,4.113,3.846,3.712,3.77,3.802688889,3.796869841,3.791050794,3.785231746,3.779412698
20.34373128,25,3.716,3.713333333,3.7805,4.115,3.845,3.71,3.7684,3.801422222,3.795531746,3.78964127,3.783750794,3.777860317
22.7979929,25,3.714,3.711333333,3.779,4.117,3.844,3.708,3.7668,3.800155556,3.794193651,3.788231746,3.782269841,3.776307937
22.93647822,25,3.712,3.709333333,3.7775,4.119,3.843,3.706,3.7652,3.798888889,3.792855556,3.786822222,3.780788889,3.774755556
20.38647343,25,3.71,3.707333333,3.776,4.121,3.842,3.704,3.7636,3.797622222,3.79151746,3.785412698,3.779307937,3.773203175
21.2705299,25,3.708,3.705333333,3.7745,4.123,3.841,3.702,3.762,3.796355556,3.790179365,3.784003175,3.777826984,3.771650794
21.65077458,25,3.706,3.703333333,3.773,4.125,3.84,3.7,3.7604,3.795088889,3.78884127,3.782593651,3.776346032,3.770098413
20.92233356,25,3.704,3.701333333,3.7715,4.127,3.839,3.698,3.7588,3.793822222,3.787503175,3.781184127,3.774865079,3.768546032
22.97477676,25,3.702,3.699333333,3.77,4.129,3.838,3.696,3.7572,3.792555556,3.786165079,3.779774603,3.773384127,3.766993651
20.14318642,25,3.7,3.697333333,3.7685,4.131,3.837,3.694,3.7556,3.791288889,3.784826984,3.778365079,3.771903175,3.76544127
20.51290118,25,3.698,3.695333333,3.767,4.133,3.836,3.692,3.754,3.790022222,3.783488889,3.776955556,3.770422222,3.763888889
20.20232998,25,3.696,3.693333333,3.7655,4.135,3.835,3.69,3.7524,3.788755556,3.782150794,3.775546032,3.76894127,3.762336508
22.02046422,25,3.694,3.691333333,3.764,4.137,3.834,3.688,3.7508,3.787488889,3.780812698,3.774136508,3.767460317,3.760784127
22.50098375,25,3.692,3.689333333,3.7625,4.139,3.833,3.686,3.7492,3.786222222,3.779474603,3.772726984,3.765979365,3.759231746
21.60956679,25,3.69,3.687333333,3.761,4.141,3.832,3.684,3.7476,3.784955556,3.778136508,3.77131746,3.764498413,3.757679365
22.85461586,25,3.688,3.685333333,3.7595,4.143,3.831,3.682,3.746,3.783688889,3.776798413,3.769907937,3.76301746,3.756126984
21.09595645,25,3.686,3.683333333,3.758,4.145,3.83,3.68,3.7444,3.782422222,3.775460317,3.768498413,3.761536508,3.754574603
21.04549923,25,3.684,3.681333333,3.7565,4.147,3.829,3.678,3.7428,3.781155556,3.774122222,3.767088889,3.760055556,3.753022222
21.38046826,25,3.682,3.679333333,3.755,4.149,3.828,3.676,3.7412,3.779888889,3.772784127,3.765679365,3.758574603,3.751469841
22.52084011,25,3.68,3.677333333,3.7535,4.151,3.827,3.674,3.7396,3.778622222,3.771446032,3.764269841,3.757093651,3.74991746
21.90214126,25,3.678,3.675333333,3.752,4.153,3.826,3.672,3.738,3.777355556,3.770107937,3.762860317,3.755612698,3.748365079
22.25790187,25,3.676,3.673333333,3.7505,4.155,3.825,3.67,3.7364,3.776088889,3.768769841,3.761450794,3.754131746,3.746812698
21.37857085,25,3.674,3.671333333,3.749,4.157,3.824,3.668,3.7348,3.774822222,3.767431746,3.76004127,3.752650794,3.745260317
21.65677599,25,3.672,3.669333333,3.7475,4.159,3.823,3.666,3.7332,3.773555556,3.766093651,3.758631746,3.751169841,3.743707937
20.17903686,25,3.67,3.667333333,3.746,4.161,3.822,3.664,3.7316,3.772288889,3.764755556,3.757222222,3.749688889,3.742155556
21.22022993,25,3.668,3.665333333,3.7445,4.163,3.821,3.662,3.73,3.771022222,3.76341746,3.755812698,3.748207937,3.740603175
22.09771754,25,3.666,3.663333333,3.743,4.165,3.82,3.66,3.7284,3.769755556,3.762079365,3.754403175,3.746726984,3.739050794
20.966868,25,3.664,3.661333333,3.7415,4.167,3.819,3.658,3.7268,3.768488889,3.76074127,3.752993651,3.745246032,3.737498413
21.83305179,25,3.662,3.659333333,3.74,4.169,3.818,3.656,3.7252,3.767222222,3.759403175,3.751584127,3.743765079,3.735946032
20.40102788,25,3.66,3.657333333,3.7385,4.171,3.817,3.654,3.7236,3.765955556,3.758065079,3.750174603,3.742284127,3.734393651
22.49450771,25,3.658,3.655333333,3.737,4.173,3.816,3.652,3.722,3.764688889,3.756726984,3.748765079,3.740803175,3.73284127
22.89162807,25,3.656,3.653333333,3.7355,4.175,3.815,3.65,3.7204,3.763422222,3.755388889,3.747355556,3.739322222,3.731288889
22.40462578,25,3.654,3.651333333,3.734,4.177,3.814,3.648,3.7188,3.762155556,3.754050794,3.745946032,3.73784127,3.729736508
21.359542,25,3.652,3.649333333,3.7325,4.179,3.813,3.646,3.7172,3.760888889,3.752712698,3.744536508,3.736360317,3.728184127
22.80833361,25,3.65,3.647333333,3.731,4.181,3.812,3.644,3.7156,3.759622222,3.751374603,3.743126984,3.734879365,3.726631746
20.55941053,25,3.648,3.645333333,3.7295,4.183,3.811,3.642,3.714,3.758355556,3.750036508,3.74171746,3.733398413,3.725079365
21.66870858,25,3.646,3.643333333,3.728,4.185,3.81,3.64,3.7124,3.757088889,3.748698413,3.740307937,3.73191746,3.723526984
22.80040541,25,3.644,3.641333333,3.7265,4.187,3.809,3.638,3.7108,3.755822222,3.747360317,3.738898413,3.730436508,3.721974603
22.17394493,25,3.642,3.639333333,3.725,4.189,3.808,3.636,3.7092,3.754555556,3.746022222,3.737488889,3.728955556,3.720422222
21.38223648,25,3.64,3.637333333,3.7235,4.191,3.807,3.634,3.7076,3.753288889,3.744684127,3.736079365,3.727474603,3.718869841
21.41133694,25,3.638,3.635333333,3.722,4.193,3.806,3.632,3.706,3.752022222,3.743346032,3.734669841,3.725993651,3.71731746
22.64401268,25,3.636,3.633333333,3.7205,4.195,3.805,3.63,3.7044,3.750755556,3.742007937,3.733260317,3.724512698,3.715765079
20.31020683,25,3.634,3.631333333,3.719,4.197,3.804,3.628,3.7028,3.749488889,3.740669841,3.731850794,3.723031746,3.714212698
22.87841181,25,3.632,3.629333333,3.7175,4.199,3.803,3.626,3.7012,3.748222222,3.739331746,3.73044127,3.721550794,3.712660317
20.84162639,25,3.63,3.627333333,3.716,4.201,3.802,3.624,3.6996,3.746955556,3.737993651,3.729031746,3.720069841,3.711107937
22.09847161,25,3.628,3.625333333,3.7145,4.203,3.801,3.622,3.698,3.745688889,3.736655556,3.727622222,3.718588889,3.709555556
21.33156732,25,3.626,3.623333333,3.713,4.205,3.8,3.62,3.6964,3.744422222,3.73531746,3.726212698,3.717107937,3.708003175
22.20035399,25,3.624,3.621333333,3.7115,4.207,3.799,3.618,3.6948,3.743155556,3.733979365,3.724803175,3.715626984,3.706450794
22.72476522,25,3.622,3.619333333,3.71,4.209,3.798,3.616,3.6932,3.741888889,3.73264127,3.723393651,3.714146032,3.704898413
22.44270349,25,3.62,3.617333333,3.7085,4.211,3.797,3.614,3.6916,3.740622222,3.731303175,3.721984127,3.712665079,3.703346032
22.57037228,25,3.618,3.615333333,3.707,4.213,3.796,3.612,3.69,3.739355556,3.729965079,3.720574603,3.711184127,3.701793651
20.09913515,25,3.616,3.613333333,3.7055,4.215,3.795,3.61,3.6884,3.738088889,3.728626984,3.719165079,3.709703175,3.70024127
20.51722469,25,3.614,3.611333333,3.704,4.217,3.794,3.608,3.6868,3.736822222,3.727288889,3.717755556,3.708222222,3.698688889
20.03209673,25,3.612,3.609333333,3.7025,4.219,3.793,3.606,3.6852,3.735555556,3.725950794,3.716346032,3.70674127,3.697136508
20.19845055,25,3.61,3.607333333,3.701,4.221,3.792,3.604,3.6836,3.734288889,3.724612698,3.714936508,3.705260317,3.695584127
20.84578155,25,3.608,3.605333333,3.6995,4.223,3.791,3.602,3.682,3.733022222,3.723274603,3.713526984,3.703779365,3.694031746
22.22115322,25,3.606,3.603333333,3.698,4.225,3.79,3.6,3.6804,3.731755556,3.721936508,3.71211746,3.702298413,3.692479365
22.11463894,25,3.604,3.601333333,3.6965,4.227,3.789,3.598,3.6788,3.730488889,3.720598413,3.710707937,3.70081746,3.690926984
